{"apps": {"abortionbanmap": {"data.example.jsion": 1656439333.6008723, "data.jsion": 1656961623.2951455, "index.html": 1657073426.248394, "index.htmlx": 1656973924.567088, "map.svg": 1656129562.9079225, "states.jsion": 1656098826.3380277}, "shml": {"demo.shml": 1654799507.4295273, "index.html": 1657073431.4765103, "index.htmlx": 1656130079.480915, "published.html": 1657073431.775508, "published.htmlx": 1654821146.2535043}}, "assets": {"audio": {"CrystalForest.mp3": 1615510871.616314}, "css": {"shml.css": 1657073388.1459777}, "images": {"github": {"mark-120-plus-light.png": 1656966249.321484, "mark-120-plus.png": 1656966249.1384823, "mark-32-light.png": 1656966249.19648, "mark-32.png": 1656966249.0044901, "mark-64-light.png": 1656966249.262495, "mark-64.png": 1656966249.0754793}, "kitsune.svg": 1654799507.4375253, "sword_of_protection.png": 1654799507.4375253}, "js": {"arraymap.min.js": 1657073401.8089933, "compression.min.js": 1657073402.8419871, "domlib.min.js": 1657073405.1011696, "elementfactory.min.js": 1657073406.5242605, "elements.min.js": 1657073407.3202636, "emojis.js": 1654799507.444523, "emojis.min.js": 1654799507.446534, "encryption.min.js": 1657073408.5662656, "githubshortcut.min.js": 1657073419.3142564, "jsion.min.js": 1657073409.5095572, "jsx.min.js": 1657073411.086872, "shml.min.js": 1657073413.7394462, "vfs.min.js": 1657073415.3550315}, "less": {"shml.less": 1654799507.4545233}, "ts": {"arraymap.ts": 1654799507.4555259, "compression.ts": 1654799507.4635272, "domlib.ts": 1657073305.0559616, "elementfactory.ts": 1654799507.4665275, "elements.ts": 1654799507.4675312, "encryption.ts": 1654799507.4755256, "githubshortcut.tsx": 1656973869.2096746, "jsion.ts": 1657073383.2178566, "jsion.ts.grc": 1654799507.477526, "jsx.ts": 1656130029.0341294, "shml.ts": 1657073383.7514243, "shml.ts.grc": 1654799507.4825299, "vfs.ts": 1654799507.4835238}}, "build": 1656970013.5507824, "globals.py": 1656102309.9002485, "index.html": 1656973758.4527636, "l": {"abortionbanmap.html": 1656090819.56884}, "README.md": 1615510871.5593073, "redirect": 1656090320.9341602, "sitemap.json": 1657073431.9385016, "tools": {"generator.py": 1656092238.1572025, "mless.exe": 1654817174.0259447, "mtsc.exe": 1654817218.91145, "pt.exe": 1654820051.662039, "sitemap.py": 1654799507.490529}, "tsconfig.json": 1656966731.0010402, "__pycache__": {"globals.cpython-38.pyc": 1656102317.6143587}}