{"apps": {"abortionbanmap": {"data.jsion": 1656129450.876771, "index.html": 1656130247.2881217, "index.htmlx": 1656128995.0016398, "map.svg": 1656129562.9079225, "states.jsion": 1656098826.3380277}, "shml": {"demo.shml": 1654799507.4295273, "index.html": 1656130251.4622588, "index.htmlx": 1656130079.480915, "published.html": 1656130251.6858149, "published.htmlx": 1654821146.2535043}}, "assets": {"audio": {"CrystalForest.mp3": 1615510871.616314}, "css": {"shml.css": 1656130230.0618362}, "images": {"kitsune.svg": 1654799507.4375253, "sword_of_protection.png": 1654799507.4375253}, "js": {"arraymap.min.js": 1656130232.7560964, "compression.min.js": 1656130233.650108, "domlib.min.js": 1656130235.1942961, "elementfactory.min.js": 1656130236.2203343, "elements.min.js": 1656130237.0773325, "emojis.js": 1654799507.444523, "emojis.min.js": 1654799507.446534, "encryption.min.js": 1656130238.0973566, "jsion.min.js": 1656130239.0744338, "jsx.min.js": 1656130240.3644352, "shml.min.js": 1656130242.2684355, "vfs.min.js": 1656130243.6378326}, "less": {"shml.less": 1654799507.4545233}, "ts": {"arraymap.ts": 1654799507.4555259, "compression.ts": 1654799507.4635272, "domlib.ts": 1654799507.4655318, "elementfactory.ts": 1654799507.4665275, "elements.ts": 1654799507.4675312, "encryption.ts": 1654799507.4755256, "jsion.ts": 1656130228.232126, "jsion.ts.grc": 1654799507.477526, "jsx.ts": 1656130029.0341294, "shml.ts": 1656130228.3980784, "shml.ts.grc": 1654799507.4825299, "vfs.ts": 1654799507.4835238}}, "build": 1656087412.4137666, "globals.py": 1656102309.9002485, "index.html": 1654799507.487521, "l": {"abortionbanmap.html": 1656090819.56884}, "README.md": 1615510871.5593073, "redirect": 1656090320.9341602, "sitemap.json": 1656130251.9378076, "tools": {"generator.py": 1656092238.1572025, "mless.exe": 1654817174.0259447, "mtsc.exe": 1654817218.91145, "pt.exe": 1654820051.662039, "sitemap.py": 1654799507.490529}, "tsconfig.json": 1654799507.490529, "__pycache__": {"globals.cpython-38.pyc": 1656102317.6143587}}