{"apps": {"shml": {"index.html": 1650077664.9790735, "index.htmlx": 1650077633.1865747}}, "assets": {"audio": {"CrystalForest.mp3": 1601416223.2693603}, "images": {"kitsune.svg": 1649875188.8397162, "sword_of_protection.png": 1644376030.5501285}, "js": {"compression.min.js": 1650077660.5313673, "domlib.min.js": 1650077661.4384003, "encryption.min.js": 1650077662.0960152, "jsion.min.js": 1650077662.697351, "jsx.min.js": 1650077663.4083984, "shml.min.js": 1650077664.522797}, "ts": {"compression.ts": 1644370125.1074164, "domlib.ts": 1649901458.668118, "encryption.ts": 1644370125.1104124, "jsion.ts": 1650077659.8697093, "jsx.ts": 1649985132.9208274, "shml.ts": 1650077659.752395}}, "build.sh": 1650077067.5145366, "buildtools": {"format.py": 1650077265.90695, "mtsc.exe": 1650062383.4442663, "sitemap.py": 1649875222.2318776}, "globals.py": 1650077654.1655684, "newindex.html": 1646791525.887, "README.md": 1601838370.7373013, "runlocal.sh": 1649975987.5926967, "sitemap.json": 1650077665.0420907}