{"apps": {"abortionbanmap": {"data.jsion": 1656181228.3215923, "index.html": 1656181266.4556663, "index.htmlx": 1656181171.9089122, "map.svg": 1656129562.9079225, "states.jsion": 1656098826.3380277}, "shml": {"demo.shml": 1654799507.4295273, "index.html": 1656181269.75491, "index.htmlx": 1656130079.480915, "published.html": 1656181270.0818963, "published.htmlx": 1654821146.2535043}}, "assets": {"audio": {"CrystalForest.mp3": 1615510871.616314}, "css": {"shml.css": 1656181248.636555}, "images": {"kitsune.svg": 1654799507.4375253, "sword_of_protection.png": 1654799507.4375253}, "js": {"arraymap.min.js": 1656181250.938969, "compression.min.js": 1656181251.7719796, "domlib.min.js": 1656181253.4631934, "elementfactory.min.js": 1656181254.6842723, "elements.min.js": 1656181255.410818, "emojis.js": 1654799507.444523, "emojis.min.js": 1654799507.446534, "encryption.min.js": 1656181256.0888202, "jsion.min.js": 1656181256.771103, "jsx.min.js": 1656181258.0671904, "shml.min.js": 1656181260.3272307, "vfs.min.js": 1656181261.453228}, "less": {"shml.less": 1654799507.4545233}, "ts": {"arraymap.ts": 1654799507.4555259, "compression.ts": 1654799507.4635272, "domlib.ts": 1654799507.4655318, "elementfactory.ts": 1654799507.4665275, "elements.ts": 1654799507.4675312, "encryption.ts": 1654799507.4755256, "jsion.ts": 1656181246.5432758, "jsion.ts.grc": 1654799507.477526, "jsx.ts": 1656130029.0341294, "shml.ts": 1656181246.8768911, "shml.ts.grc": 1654799507.4825299, "vfs.ts": 1654799507.4835238}}, "build": 1656087412.4137666, "globals.py": 1656102309.9002485, "index.html": 1654799507.487521, "l": {"abortionbanmap.html": 1656090819.56884}, "README.md": 1615510871.5593073, "redirect": 1656090320.9341602, "sitemap.json": 1656181270.314026, "tools": {"generator.py": 1656092238.1572025, "mless.exe": 1654817174.0259447, "mtsc.exe": 1654817218.91145, "pt.exe": 1654820051.662039, "sitemap.py": 1654799507.490529}, "tsconfig.json": 1654799507.490529, "__pycache__": {"globals.cpython-38.pyc": 1656102317.6143587}}