{"apps": {"shml": {"index.html": 1650678267.3202274, "index.htmlx": 1650331473.0915887}}, "assets": {"audio": {"CrystalForest.mp3": 1601416223.2693603}, "images": {"kitsune.svg": 1649875188.8397162, "sword_of_protection.png": 1644376030.5501285}, "js": {"compression.min.js": 1650678262.0818968, "domlib.min.js": 1650678262.9426246, "encryption.min.js": 1650678263.8105986, "jsion.min.js": 1650678264.443942, "jsx.min.js": 1650678265.3761048, "shml.min.js": 1650678266.460278}, "ts": {"compression.ts": 1644370125.1074164, "domlib.ts": 1649901458.668118, "encryption.ts": 1644370125.1104124, "jsion.ts": 1650331570.1368134, "jsx.ts": 1650678256.3532374, "shml.ts": 1650331570.015427}}, "build.sh": 1650331618.0476966, "generator.py": 1650228096.6158588, "globals.py": 1650325771.9569511, "mtsc.exe": 1650328291.776062, "newindex.html": 1646791525.887, "README.md": 1601838370.7373013, "runlocal.sh": 1649975987.5926967, "sitemap.json": 1650678267.3932307, "sitemap.py": 1649875222.2318776, "tsconfig.json": 1650511827.4894426, "__pycache__": {"globals.cpython-38.pyc": 1650512056.875752}}