{"404.html": 1646791525.693, "apps": {"hsvutils": {"favicon-16x16.png": 1622240727.3322577, "favicon-32x32.png": 1622240727.3342564, "index.html": 1622240727.336255}, "imagestopdf": {"index.html": 1644370125.0834126}, "notebook": {"index.html": 1644375877.630505}, "shml": {"encryption.html": 1644376030.5481286, "index.html": 1623635050.316326}, "tabatatimer": {"android-chrome-192x192.png": 1601413570.339811, "android-chrome-384x384.png": 1601413570.3597994, "apple-touch-icon.png": 1601413570.3777888, "browserconfig.xml": 1601507363.096407, "clock-o-alt.png": 1601412981.7949922, "clock-o.png": 1601412085.5752516, "favicon-16x16.png": 1601413570.4417522, "favicon-32x32.png": 1601413570.4607413, "favicon.ico": 1601413570.4237623, "index.html": 1603588412.7134287, "mstile-150x150.png": 1601413570.4987192, "safari-pinned-tab.svg": 1601413570.522705, "site.webmanifest": 1601507350.071509}, "text": {"android-chrome-192x192.png": 1609787155.7596636, "android-chrome-384x384.png": 1609787155.7786632, "apple-touch-icon.png": 1609787155.7966566, "browserconfig.xml": 1609787169.3679264, "favicon-16x16.png": 1609787155.8626244, "favicon-32x32.png": 1609787155.8825932, "favicon.ico": 1609787155.839633, "index.html": 1622240727.3382542, "logo.png": 1609786726.1910288, "logo_cutout.png": 1609786805.8268552, "mstile-150x150.png": 1609787155.9015954, "new.png": 1610498917.358522, "safari-pinned-tab.svg": 1609787155.9195848, "service-worker.js": 1610306398.65424, "site.webmanifest": 1610498738.4807541, "splash.png": 1610305012.830161}}, "assets": {"audio": {"CrystalForest.mp3": 1601416223.2693603}, "images": {"kitsune.svg": 1649875188.8397162, "sword_of_protection.png": 1644376030.5501285}, "js": {"compression.min.js": 1649902003.2085981, "domlib.min.js": 1649902004.0888405, "encryption.min.js": 1649902004.7516456, "jsion.min.js": 1649902005.4606402, "shml.min.js": 1649902006.5570014}, "ts": {"compression.ts": 1644370125.1074164, "domlib.ts": 1649901458.668118, "encryption.ts": 1644370125.1104124, "jsion.ts": 1649902002.354032, "shml.ts": 1649902002.090011}}, "build.sh": 1649901998.4581382, "dynamic.html": 1646791525.781, "index.html": 1646791525.832, "mtsc.exe": 1649900571.1081798, "newindex.html": 1646791525.887, "noscript.html": 1646791525.949, "playground.html": 1646791525.993, "README.md": 1601838370.7373013, "sitemap.json": 1649902006.6580076, "sitemap.py": 1649875222.2318776}