{"apps": {"shml": {"index.html": 1652742229.5887947, "index.htmlx": 1652742216.3649375}}, "assets": {"audio": {"CrystalForest.mp3": 1601416223.2693603}, "css": {}, "images": {"kitsune.svg": 1649875188.8397162, "sword_of_protection.png": 1644376030.5501285}, "js": {"arraymap.js": 1652742220.9495523, "arraymap.min.js": 1652742225.3517983, "compression.js": 1652742221.3377347, "compression.min.js": 1652742225.6343312, "domlib.js": 1652742221.9743326, "domlib.min.js": 1652742225.9795556, "elementfactory.js": 1652742222.4187238, "elementfactory.min.js": 1652742226.3603122, "elements.js": 1652742222.766701, "elements.min.js": 1652742226.691282, "encryption.js": 1652742223.129836, "encryption.min.js": 1652742226.98832, "jsion.js": 1652742223.4868536, "jsion.min.js": 1652742227.3663294, "jsx.js": 1652742223.9528675, "jsx.min.js": 1652742227.6518943, "shml.js": 1652742224.5557454, "shml.min.js": 1652742228.119621, "vfs.js": 1652742225.0447242, "vfs.min.js": 1652742228.4704263}, "ts": {"arraymap.ts": 1651887516.2986763, "compression.ts": 1644370125.1074164, "domlib.ts": 1652403585.5650773, "elementfactory.ts": 1652647821.647579, "elements.ts": 1652663948.9059186, "encryption.ts": 1644370125.1104124, "jsion.ts": 1652742220.3580678, "jsx.ts": 1652659725.408104, "shml.ts": 1652742220.48434, "vfs.ts": 1652647988.8662045}}, "build": 1652742138.8656585, "build.sh": 1650331618.0476966, "generator.py": 1652579096.8896036, "globals.py": 1652661364.278958, "mless.exe": 1652740235.7156532, "mtsc.exe": 1652590894.4654548, "newindex.html": 1646791525.887, "pt.exe": 1652569509.155313, "README.md": 1601838370.7373013, "sitemap.json": 1652742229.6697748, "sitemap.py": 1649875222.2318776, "tsconfig.json": 1651539142.9886901, "__pycache__": {"globals.cpython-38.pyc": 1652661370.8704357}}