{"apps": {"shml": {"demo.shml": 1653184110.89893, "index.html": 1653184193.9092457, "index.htmlx": 1653183828.0506742, "published.html": 1653184194.0567384, "published.htmlx": 1653184179.467422}}, "assets": {"audio": {"CrystalForest.mp3": 1601416223.2693603}, "css": {"shml.css": 1653181636.8182168}, "images": {"kitsune.svg": 1649875188.8397162, "sword_of_protection.png": 1644376030.5501285}, "js": {"arraymap.js": 1653184182.4078152, "arraymap.min.js": 1653184187.3126278, "compression.js": 1653184182.773847, "compression.min.js": 1653184187.6337037, "domlib.js": 1653184183.3285792, "domlib.min.js": 1653184188.3966997, "elementfactory.js": 1653184183.7266867, "elementfactory.min.js": 1653184188.8628979, "elements.js": 1653184184.1348934, "elements.min.js": 1653184189.3139458, "emojis.js": 1653183475.9445405, "emojis.min.js": 1653184190.004951, "encryption.js": 1653184184.4995067, "encryption.min.js": 1653184190.2704785, "jsion.js": 1653184184.8795102, "jsion.min.js": 1653184190.5912993, "jsx.js": 1653184185.6280823, "jsx.min.js": 1653184190.9606752, "shml.js": 1653184186.3340812, "shml.min.js": 1653184191.492882, "vfs.js": 1653184186.9585993, "vfs.min.js": 1653184191.8592298}, "less": {"shml.less": 1653181634.8589394}, "ts": {"arraymap.ts": 1651887516.2986763, "compression.ts": 1644370125.1074164, "domlib.ts": 1652981979.6317964, "elementfactory.ts": 1652647821.647579, "elements.ts": 1652663948.9059186, "encryption.ts": 1644370125.1104124, "jsion.ts": 1653184181.5225883, "jsx.ts": 1652659725.408104, "shml.ts": 1653184181.9277687, "vfs.ts": 1652647988.8662045}}, "build": 1653102687.6856835, "build.sh": 1650331618.0476966, "generator.py": 1652579096.8896036, "globals.py": 1652661364.278958, "mless.exe": 1652740235.7156532, "mtsc.exe": 1652590894.4654548, "newindex.html": 1646791525.887, "pt.exe": 1652569509.155313, "README.md": 1601838370.7373013, "sitemap.json": 1653184194.1317701, "sitemap.py": 1649875222.2318776, "tsconfig.json": 1651539142.9886901, "__pycache__": {"globals.cpython-38.pyc": 1652661370.8704357}}