{"apps": {"shml": {"index.html": 1651539250.435278, "index.htmlx": 1650823370.9766643}}, "assets": {"audio": {"CrystalForest.mp3": 1601416223.2693603}, "images": {"kitsune.svg": 1649875188.8397162, "sword_of_protection.png": 1644376030.5501285}, "js": {"compression.min.js": 1651539242.7758605, "domlib.min.js": 1651539243.8086193, "encryption.min.js": 1651539244.4970975, "jsion.min.js": 1651539245.1951568, "jsx.min.js": 1651539246.0332222, "pathmap.min.js": 1651539246.9117653, "shml.min.js": 1651539248.533053}, "ts": {"compression.ts": 1644370125.1074164, "domlib.ts": 1649901458.668118, "encryption.ts": 1644370125.1104124, "jsion.ts": 1650331570.1368134, "jsx.ts": 1650775539.962024, "pathmap.ts": 1651539217.9287944, "shml.ts": 1650331570.015427}}, "build.sh": 1650331618.0476966, "debug.html.sh": 1651539250.5232785, "debug_htmlx.sh": 1650822724.6529877, "generator.py": 1650228096.6158588, "globals.py": 1650325771.9569511, "mtsc.exe": 1650328291.776062, "newindex.html": 1646791525.887, "pt.exe": 1650845761.136534, "README.md": 1601838370.7373013, "runlocal.sh": 1650822084.5156596, "sitemap.json": 1651539250.5952816, "sitemap.py": 1649875222.2318776, "tsconfig.json": 1651539142.9886901, "__pycache__": {"globals.cpython-38.pyc": 1650512056.875752}}