{"apps": {"abortionbanmap": {"data.jsion": 1659545719.1923797, "index.html": 1660505783.8123639, "index.htmlx": 1657937374.0687482, "map.svg": 1656129562.9079225, "states.jsion": 1656098826.3380277}, "shml": {"demo.shml": 1654799507.4295273, "index.html": 1660505785.9272635, "index.htmlx": 1659306133.2253418, "published.html": 1660505786.1072598, "published.htmlx": 1658007815.1471372}}, "assets": {"audio": {"CrystalForest.mp3": 1615510871.616314}, "css": {"shml.css": 1660505766.9348922}, "images": {"github": {"mark-120-plus-light.png": 1656966249.321484, "mark-120-plus.png": 1656966249.1384823, "mark-32-light.png": 1656966249.19648, "mark-32.png": 1656966249.0044901, "mark-64-light.png": 1656966249.262495, "mark-64.png": 1656966249.0754793}, "kitsune.svg": 1654799507.4375253, "sword_of_protection.png": 1654799507.4375253}, "js": {"arraymap.min.js": 1660505770.513893, "compression.min.js": 1660505771.1298847, "configstring.min.js": 1660505771.6988864, "domlib.min.js": 1660505772.755916, "elementfactory.min.js": 1660505773.3549442, "elements.min.js": 1660505773.9169495, "emojis.js": 1654799507.444523, "emojis.min.js": 1654799507.446534, "encryption.min.js": 1660505774.5719428, "githubshortcut.min.js": 1660505780.4746459, "jsion.min.js": 1660505775.0849445, "jsx.min.js": 1660505775.8373184, "shml.min.js": 1660505777.0827365, "toast.min.js": 1660505777.802807, "vfs.min.js": 1660505778.7337961}, "less": {"shml.less": 1654799507.4545233}, "ts": {"arraymap.ts": 1654799507.4555259, "compression.ts": 1654799507.4635272, "configstring.ts": 1658534137.9416685, "domlib.ts": 1659402681.8357625, "elementfactory.ts": 1654799507.4665275, "elements.ts": 1654799507.4675312, "encryption.ts": 1654799507.4755256, "githubshortcut.tsx": 1656973869.2096746, "jsion.ts": 1660505763.8026292, "jsion.ts.grc": 1654799507.477526, "jsx.ts": 1657994773.3228774, "shml.ts": 1660505764.2151132, "shml.ts.grc": 1654799507.4825299, "toast.ts": 1659142804.17774, "vfs.ts": 1654799507.4835238}}, "build": 1659306449.4326675, "globals.py": 1658606676.336965, "index.html": 1656973758.4527636, "l": {"abortionbanmap.html": 1656090819.56884}, "README.md": 1615510871.5593073, "redirect": 1656090320.9341602, "sitemap.json": 1660505786.2112534, "tools": {"generator.py": 1656092238.1572025, "mless.exe": 1654817174.0259447, "mtsc.exe": 1654817218.91145, "pt.exe": 1654820051.662039, "sitemap.py": 1654799507.490529}, "tsconfig.json": 1656966731.0010402, "__pycache__": {"globals.cpython-38.pyc": 1659305338.5658457}}