{"apps": {"shml": {"demo.shml": 1652997658.7036562, "index.html": 1653010414.0702558, "index.htmlx": 1653010240.37711}}, "assets": {"audio": {"CrystalForest.mp3": 1601416223.2693603}, "css": {}, "images": {"kitsune.svg": 1649875188.8397162, "sword_of_protection.png": 1644376030.5501285}, "js": {"arraymap.js": 1653010404.17408, "arraymap.min.js": 1653010409.1392622, "compression.js": 1653010404.5400615, "compression.min.js": 1653010409.448388, "domlib.js": 1653010405.102276, "domlib.min.js": 1653010409.7774642, "elementfactory.js": 1653010405.5042782, "elementfactory.min.js": 1653010410.1269343, "elements.js": 1653010405.827702, "elements.min.js": 1653010410.3869467, "encryption.js": 1653010406.179709, "encryption.min.js": 1653010410.670499, "jsion.js": 1653010406.5278885, "jsion.min.js": 1653010411.046247, "jsx.js": 1653010406.988018, "jsx.min.js": 1653010411.3308213, "shml.js": 1653010407.668506, "shml.min.js": 1653010411.7623372, "vfs.js": 1653010408.333151, "vfs.min.js": 1653010412.0219767}, "ts": {"arraymap.ts": 1651887516.2986763, "compression.ts": 1644370125.1074164, "domlib.ts": 1652981979.6317964, "elementfactory.ts": 1652647821.647579, "elements.ts": 1652663948.9059186, "encryption.ts": 1644370125.1104124, "jsion.ts": 1653010403.5983877, "jsx.ts": 1652659725.408104, "shml.ts": 1653010403.7174852, "vfs.ts": 1652647988.8662045}}, "build": 1652982802.0871868, "build.sh": 1650331618.0476966, "generator.py": 1652579096.8896036, "globals.py": 1652661364.278958, "mless.exe": 1652740235.7156532, "mtsc.exe": 1652590894.4654548, "newindex.html": 1646791525.887, "pt.exe": 1652569509.155313, "README.md": 1601838370.7373013, "sitemap.json": 1653010414.1602376, "sitemap.py": 1649875222.2318776, "tsconfig.json": 1651539142.9886901, "__pycache__": {"globals.cpython-38.pyc": 1652661370.8704357}}