{"apps": {"shml": {"demo.shml": 1652997658.7036562, "index.html": 1652998648.6128013, "index.htmlx": 1652994466.26268}}, "assets": {"audio": {"CrystalForest.mp3": 1601416223.2693603}, "css": {}, "images": {"kitsune.svg": 1649875188.8397162, "sword_of_protection.png": 1644376030.5501285}, "js": {"arraymap.js": 1652998638.3901675, "arraymap.min.js": 1652998642.9630604, "compression.js": 1652998638.7781935, "compression.min.js": 1652998643.3225558, "domlib.js": 1652998639.352083, "domlib.min.js": 1652998643.6754963, "elementfactory.js": 1652998639.7615533, "elementfactory.min.js": 1652998643.9798374, "elements.js": 1652998640.1620631, "elements.min.js": 1652998644.3084822, "encryption.js": 1652998640.5190902, "encryption.min.js": 1652998644.60657, "jsion.js": 1652998640.8761237, "jsion.min.js": 1652998644.947692, "jsx.js": 1652998641.505124, "jsx.min.js": 1652998645.2737565, "shml.js": 1652998642.127208, "shml.min.js": 1652998646.2034075, "vfs.js": 1652998642.6374888, "vfs.min.js": 1652998646.5621893}, "ts": {"arraymap.ts": 1651887516.2986763, "compression.ts": 1644370125.1074164, "domlib.ts": 1652981979.6317964, "elementfactory.ts": 1652647821.647579, "elements.ts": 1652663948.9059186, "encryption.ts": 1644370125.1104124, "jsion.ts": 1652998637.5837998, "jsx.ts": 1652659725.408104, "shml.ts": 1652998637.8789418, "vfs.ts": 1652647988.8662045}}, "build": 1652982802.0871868, "build.sh": 1650331618.0476966, "generator.py": 1652579096.8896036, "globals.py": 1652661364.278958, "mless.exe": 1652740235.7156532, "mtsc.exe": 1652590894.4654548, "newindex.html": 1646791525.887, "pt.exe": 1652569509.155313, "README.md": 1601838370.7373013, "sitemap.json": 1652998648.7018566, "sitemap.py": 1649875222.2318776, "tsconfig.json": 1651539142.9886901, "__pycache__": {"globals.cpython-38.pyc": 1652661370.8704357}}