{"apps": {"fs": {"index.html": 1671588843.3303301, "index.htmlx": 1671588486.2497623}, "shml": {"demo.shml": 1653707829.9372275, "index.html": 1671588845.4393303, "index.htmlx": 1671588575.208763, "published.html": 1671588845.5813303, "published.htmlx": 1663441701.9958825, "unicode.html": 1671588846.5513282, "unicode.htmlx": 1671588809.6847334}}, "assets": {"audio": {"CrystalForest.mp3": 1601416223.2693603}, "css": {"shml.css": 1671588831.1262956}, "images": {"github": {"mark-120-plus-light.png": 1663441701.9988806, "mark-120-plus.png": 1663441701.999881, "mark-32-light.png": 1663441701.999881, "mark-32.png": 1663441702.0008807, "mark-64-light.png": 1663441702.0018814, "mark-64.png": 1663441702.002881}, "kitsune.svg": 1649875188.8397162, "sword_of_protection.png": 1644376030.5501285}, "js": {"arraymap.min.js": 1654657655.266798, "base64.min.js": 1671588831.8023007, "chime.min.js": 1671588832.7733, "compression.min.js": 1671588833.6402962, "configstring.min.js": 1671588834.1542993, "corsfetch.js": 1666146509.0843482, "csv.min.js": 1671588834.712298, "domlib.min.js": 1671588835.6792972, "elementfactory.min.js": 1671588836.275298, "elements.min.js": 1671588836.7442985, "emojis.js": 1654653335.637976, "emojis.min.js": 1653962972.615767, "encryption.min.js": 1671588837.2382965, "githubshortcut.min.js": 1671588843.099329, "htmlrasterizer.min.js": 1671588838.1122968, "jsion.min.js": 1671588838.5952964, "jsx.min.js": 1671588839.2152982, "sandbox.min.js": 1671588839.9012964, "shml.min.js": 1671588840.9963295, "toast.min.js": 1671588841.4773283, "vfs-legacy.min.js": 1654657662.249799, "vfs.min.js": 1671588842.445331}, "less": {"shml.less": 1653702692.2674742}, "ts": {"base64.ts": 1663441702.0258815, "chime.ts": 1666048086.4019296, "compression.ts": 1667689145.9286351, "configstring.ts": 1663441702.0298834, "csv.ts": 1666577418.512181, "domlib.ts": 1663441702.0348816, "elementfactory.ts": 1666575857.856982, "elements.ts": 1652663948.9059186, "encryption.ts": 1644370125.1104124, "githubshortcut.tsx": 1663441702.0348816, "htmlrasterizer.ts": 1667689124.981827, "jsion.ts": 1671588830.7192645, "jsion.ts.grc": 1653699497.3520894, "jsx.ts": 1663441702.0358818, "sandbox.ts": 1663441702.0368817, "shml.ts": 1671588830.882301, "shml.ts.grc": 1653699488.494284, "toast.ts": 1663441702.0388813, "vfs.ts": 1671588721.722424}}, "build": 1663441702.0408816, "globals.py": 1671588520.8277638, "index.html": 1663441702.0468836, "l": {}, "README.md": 1601838370.7373013, "redirect": 1663441702.0488813, "sitemap.json": 1671588846.6433294, "stardust": {"index.html": 1670547410.223773, "stardust.json": 1671578955.9562168}, "tools": {"generator.py": 1654575273.330251, "mless.exe": 1663441819.6652606, "mtsc.exe": 1663441804.4113748, "pt.exe": 1663441837.9950802, "sitemap.py": 1649875222.2318776}, "tsconfig.json": 1663441702.0508826, "__pycache__": {"globals.cpython-38.pyc": 1671588660.9232259}}