{"apps": {"shml": {"demo.shml": 1654799507.4295273, "index.html": 1663096596.9188082, "index.htmlx": 1659306133.2253418, "published.html": 1663096597.2178092, "published.htmlx": 1658007815.1471372, "unicode.html": 1663096599.5899909, "unicode.htmlx": 1660510410.4314344}}, "assets": {"audio": {"CrystalForest.mp3": 1615510871.616314}, "css": {"shml.css": 1663096564.905357}, "images": {"github": {"mark-120-plus-light.png": 1656966249.321484, "mark-120-plus.png": 1656966249.1384823, "mark-32-light.png": 1656966249.19648, "mark-32.png": 1656966249.0044901, "mark-64-light.png": 1656966249.262495, "mark-64.png": 1656966249.0754793}, "kitsune.svg": 1654799507.4375253, "sword_of_protection.png": 1654799507.4375253}, "js": {"arraymap.min.js": 1663096568.461602, "base64.min.js": 1663096569.6431336, "compression.min.js": 1663096571.028296, "configstring.min.js": 1663096572.0983617, "domlib.min.js": 1663096574.3644736, "elementfactory.min.js": 1663096575.7715049, "elements.min.js": 1663096576.959022, "emojis.js": 1654799507.444523, "emojis.min.js": 1654799507.446534, "encryption.min.js": 1663096578.369037, "githubshortcut.min.js": 1663096590.2626593, "jsion.min.js": 1663096579.2910743, "jsx.min.js": 1663096580.4231317, "sandbox.min.js": 1663096581.8936882, "shml.min.js": 1663096584.2257977, "toast.min.js": 1663096585.355827, "vfs.min.js": 1663096587.206875}, "less": {"shml.less": 1654799507.4545233}, "ts": {"arraymap.ts": 1663095880.2270792, "base64.ts": 1663096392.3273182, "compression.ts": 1663096531.5704186, "configstring.ts": 1658534137.9416685, "domlib.ts": 1659402681.8357625, "elementfactory.ts": 1654799507.4665275, "elements.ts": 1654799507.4675312, "encryption.ts": 1654799507.4755256, "githubshortcut.tsx": 1663095854.1892943, "jsion.ts": 1663096561.484271, "jsion.ts.grc": 1654799507.477526, "jsx.ts": 1657994773.3228774, "sandbox.ts": 1663095754.5142536, "shml.ts": 1663096561.9065025, "shml.ts.grc": 1654799507.4825299, "toast.ts": 1663095832.5444162, "vfs.ts": 1663095826.1952949}}, "build": 1659306449.4326675, "globals.py": 1660509072.092617, "index.html": 1656973758.4527636, "l": {"abortionbanmap.html": 1656090819.56884}, "README.md": 1615510871.5593073, "redirect": 1656090320.9341602, "sitemap.json": 1663096599.7659943, "tools": {"generator.py": 1656092238.1572025, "mless.exe": 1654817174.0259447, "mtsc.exe": 1654817218.91145, "pt.exe": 1654820051.662039, "sitemap.py": 1654799507.490529}, "tsconfig.json": 1656966731.0010402, "__pycache__": {"globals.cpython-38.pyc": 1660509073.9806354}}