{"apps": {"fs": {"index.html": 1675392162.3633552, "index.htmlx": 1671591236.9215732}, "shml": {"demo.shml": 1653707829.9372275, "index.html": 1675392164.941382, "index.htmlx": 1671588575.208763, "published.html": 1675392165.0713842, "published.htmlx": 1663441701.9958825, "unicode.html": 1675392166.1374145, "unicode.htmlx": 1671588809.6847334}}, "assets": {"audio": {"CrystalForest.mp3": 1601416223.2693603}, "css": {"shml.css": 1675549262.682857}, "images": {"github": {"mark-120-plus-light.png": 1663441701.9988806, "mark-120-plus.png": 1663441701.999881, "mark-32-light.png": 1663441701.999881, "mark-32.png": 1663441702.0008807, "mark-64-light.png": 1663441702.0018814, "mark-64.png": 1663441702.002881}, "kitsune.svg": 1649875188.8397162, "sword_of_protection.png": 1644376030.5501285}, "js": {"arraymap.min.js": 1654657655.266798, "base64.min.js": 1675392149.1365025, "chime.min.js": 1675392149.6855018, "compression.min.js": 1675470189.5402403, "configstring.min.js": 1675392151.0070121, "corsfetch.js": 1666146509.0843482, "corsfetch.min.js": 1675392477.4887798, "csv.min.js": 1675468439.19021, "domlib.min.js": 1675392152.5225878, "elementfactory.min.js": 1675470190.6367507, "elements.min.js": 1675392153.5610964, "emojis.js": 1654653335.637976, "emojis.min.js": 1675392478.2357817, "encryption.min.js": 1675392154.2676141, "filearchive.min.js": 1675392154.9611247, "githubshortcut.min.js": 1675392161.6782517, "htmlrasterizer.min.js": 1675392155.844147, "jsion.min.js": 1675392914.919114, "jsonstreams.min.js": 1675549263.7363696, "jsx.min.js": 1675392156.943148, "keybinds.min.js": 1675470191.5977492, "kitsunedom.min.js": 1675470192.1078224, "kitsunelang.min.js": 1675470192.6328197, "random.min.js": 1675392157.7331717, "sandbox.min.js": 1675392158.3711722, "shml.min.js": 1675394089.9232445, "toast.min.js": 1675392159.9137099, "vfs-legacy.min.js": 1654657662.249799, "vfs.js": 1675394191.3654585, "vfs.min.js": 1675549264.8908875}, "less": {"shml.less": 1653702692.2674742}, "ts": {"base64.ts": 1663441702.0258815, "chime.ts": 1666048086.4019296, "compression.ts": 1675468518.0385804, "configstring.ts": 1663441702.0298834, "csv.ts": 1675468383.1736145, "domlib.ts": 1673397253.5593545, "elementfactory.ts": 1675470072.701449, "elements.ts": 1652663948.9059186, "encryption.ts": 1644370125.1104124, "filearchive.ts": 1673309511.191622, "githubshortcut.tsx": 1663441702.0348816, "htmlrasterizer.ts": 1667689124.981827, "jsion.ts": 1675392913.694092, "jsion.ts.grc": 1675392883.2295773, "jsonstreams.ts": 1675549242.0684228, "jsx.ts": 1663441702.0358818, "keybinds.ts": 1675468553.7150435, "kitsunedom.ts": 1675470143.1608078, "kitsunelang.ts": 1675469385.477117, "random.ts": 1675384069.9808247, "sandbox.ts": 1663441702.0368817, "shml.ts": 1675392923.5650554, "shml.ts.grc": 1675392820.169285, "toast.ts": 1663441702.0388813, "vfs.ts": 1673309574.4046228}}, "globals.py": 1671593009.8975105, "index.html": 1663441702.0468836, "l": {"github.html": 1675392999.362495}, "post-build.sh": 1675468518.0445793, "README.md": 1601838370.7373013, "sitemap.json": 1675549265.5503993, "stardust": {"index.html": 1670547410.223773, "stardust.json": 1671578955.9562168}, "tsconfig.json": 1663441702.0508826, "wyvern": 1675394076.4315245, "__pycache__": {"globals.cpython-38.pyc": 1671593028.6806357}}