{"apps": {"shml": {"demo.shml": 1654799507.4295273, "index.html": 1660929157.925345, "index.htmlx": 1659306133.2253418, "published.html": 1660929158.1572587, "published.htmlx": 1658007815.1471372, "unicode.html": 1660929159.9402876, "unicode.htmlx": 1660510410.4314344}}, "assets": {"audio": {"CrystalForest.mp3": 1615510871.616314}, "css": {"shml.css": 1660929127.299858}, "images": {"github": {"mark-120-plus-light.png": 1656966249.321484, "mark-120-plus.png": 1656966249.1384823, "mark-32-light.png": 1656966249.19648, "mark-32.png": 1656966249.0044901, "mark-64-light.png": 1656966249.262495, "mark-64.png": 1656966249.0754793}, "kitsune.svg": 1654799507.4375253, "sword_of_protection.png": 1654799507.4375253}, "js": {"arraymap.min.js": 1660929134.4494102, "compression.min.js": 1660929135.522401, "configstring.min.js": 1660929136.3494122, "domlib.min.js": 1660929138.471422, "elementfactory.min.js": 1660929139.694409, "elements.min.js": 1660929140.416401, "emojis.js": 1654799507.444523, "emojis.min.js": 1654799507.446534, "encryption.min.js": 1660929141.2894077, "githubshortcut.min.js": 1660929151.2243254, "jsion.min.js": 1660929142.241445, "jsx.min.js": 1660929143.740404, "shml.min.js": 1660929145.9784212, "toast.min.js": 1660929146.8074172, "vfs.min.js": 1660929148.0734153}, "less": {"shml.less": 1654799507.4545233}, "ts": {"arraymap.ts": 1654799507.4555259, "compression.ts": 1654799507.4635272, "configstring.ts": 1658534137.9416685, "domlib.ts": 1659402681.8357625, "elementfactory.ts": 1654799507.4665275, "elements.ts": 1654799507.4675312, "encryption.ts": 1654799507.4755256, "githubshortcut.tsx": 1656973869.2096746, "jsion.ts": 1660929122.023928, "jsion.ts.grc": 1654799507.477526, "jsx.ts": 1657994773.3228774, "shml.ts": 1660929122.6508632, "shml.ts.grc": 1654799507.4825299, "toast.ts": 1659142804.17774, "vfs.ts": 1654799507.4835238}}, "build": 1659306449.4326675, "globals.py": 1660509072.092617, "index.html": 1656973758.4527636, "l": {"abortionbanmap.html": 1656090819.56884}, "README.md": 1615510871.5593073, "redirect": 1656090320.9341602, "sitemap.json": 1660929160.0882642, "tools": {"generator.py": 1656092238.1572025, "mless.exe": 1654817174.0259447, "mtsc.exe": 1654817218.91145, "pt.exe": 1654820051.662039, "sitemap.py": 1654799507.490529}, "tsconfig.json": 1656966731.0010402, "__pycache__": {"globals.cpython-38.pyc": 1660509073.9806354}}