{"apps": {"shml": {"demo.shml": 1653707829.9372275, "index.html": 1654576338.6820586, "index.htmlx": 1654576279.0039961, "published.html": 1654576338.8360546, "published.htmlx": 1654575758.9706786}}, "assets": {"audio": {"CrystalForest.mp3": 1601416223.2693603}, "css": {"shml.css": 1654576330.2632852}, "images": {"kitsune.svg": 1649875188.8397162, "sword_of_protection.png": 1644376030.5501285}, "js": {"arraymap.min.js": 1654576330.949285, "compression.min.js": 1654576331.4293537, "domlib.min.js": 1654576332.2623737, "elementfactory.min.js": 1654576332.8053737, "elements.min.js": 1654576333.2010972, "emojis.js": 1653183475.9445405, "emojis.min.js": 1653962972.615767, "encryption.min.js": 1654576333.6549258, "jsion.min.js": 1654576334.1934717, "jsx.min.js": 1654576334.877468, "shml.min.js": 1654576335.8224697, "vfs.min.js": 1654576336.5354702}, "less": {"shml.less": 1653702692.2674742}, "ts": {"arraymap.ts": 1651887516.2986763, "compression.ts": 1644370125.1074164, "domlib.ts": 1654303963.2638335, "elementfactory.ts": 1652647821.647579, "elements.ts": 1652663948.9059186, "encryption.ts": 1644370125.1104124, "jsion.ts": 1654576329.853698, "jsion.ts.grc": 1653699497.3520894, "jsx.ts": 1652659725.408104, "shml.ts": 1654576330.013023, "shml.ts.grc": 1653699488.494284, "vfs.ts": 1652647988.8662045}}, "build": 1654575302.2059252, "globals.py": 1654575322.8843834, "newindex.html": 1646791525.887, "README.md": 1601838370.7373013, "sitemap.json": 1654576338.9700587, "tools": {"generator.py": 1654575273.330251, "mless.exe": 1654568170.608892, "mtsc.exe": 1654568191.2620862, "pt.exe": 1652569509.155313, "sitemap.py": 1649875222.2318776}, "tsconfig.json": 1651539142.9886901, "__pycache__": {"globals.cpython-38.pyc": 1654575337.0521953}}