{"apps": {"shml": {"demo.shml": 1653707829.9372275, "index.html": 1654657665.3492377, "index.htmlx": 1654657651.5889795, "published.html": 1654657665.593238, "published.htmlx": 1654652561.454766}}, "assets": {"audio": {"CrystalForest.mp3": 1601416223.2693603}, "css": {"shml.css": 1654657654.592057}, "images": {"kitsune.svg": 1649875188.8397162, "sword_of_protection.png": 1644376030.5501285}, "js": {"arraymap.min.js": 1654657655.266798, "compression.min.js": 1654657655.7837982, "domlib.min.js": 1654657656.716814, "elementfactory.min.js": 1654657657.302796, "elements.min.js": 1654657657.7068188, "emojis.js": 1654653335.637976, "emojis.min.js": 1653962972.615767, "encryption.min.js": 1654657658.3707964, "jsion.min.js": 1654657659.2058005, "jsx.min.js": 1654657660.2427967, "shml.min.js": 1654657661.4407983, "vfs.min.js": 1654657662.249799}, "less": {"shml.less": 1653702692.2674742}, "ts": {"arraymap.ts": 1651887516.2986763, "compression.ts": 1644370125.1074164, "domlib.ts": 1654303963.2638335, "elementfactory.ts": 1652647821.647579, "elements.ts": 1652663948.9059186, "encryption.ts": 1644370125.1104124, "jsion.ts": 1654657654.2563362, "jsion.ts.grc": 1653699497.3520894, "jsx.ts": 1652659725.408104, "shml.ts": 1654657654.4020426, "shml.ts.grc": 1653699488.494284, "vfs.ts": 1652647988.8662045}}, "build": 1654575302.2059252, "globals.py": 1654575322.8843834, "index.html": 1654576693.1465435, "README.md": 1601838370.7373013, "sitemap.json": 1654657665.7242708, "tools": {"generator.py": 1654575273.330251, "mless.exe": 1654568170.608892, "mtsc.exe": 1654568191.2620862, "pt.exe": 1652569509.155313, "sitemap.py": 1649875222.2318776}, "tsconfig.json": 1651539142.9886901, "__pycache__": {"globals.cpython-38.pyc": 1654575337.0521953}}