{"404.html": 1646791525.693, "apps": {"hsvutils": {"favicon-16x16.png": 1622240727.3322577, "favicon-32x32.png": 1622240727.3342564, "index.html": 1622240727.336255}, "imagestopdf": {"index.html": 1644370125.0834126}, "notebook": {"index.html": 1644375877.630505}, "shml": {"encryption.html": 1644376030.5481286, "index.html": 1623635050.316326}, "tabatatimer": {"android-chrome-192x192.png": 1601413570.339811, "android-chrome-384x384.png": 1601413570.3597994, "apple-touch-icon.png": 1601413570.3777888, "browserconfig.xml": 1601507363.096407, "clock-o-alt.png": 1601412981.7949922, "clock-o.png": 1601412085.5752516, "favicon-16x16.png": 1601413570.4417522, "favicon-32x32.png": 1601413570.4607413, "favicon.ico": 1601413570.4237623, "index.html": 1603588412.7134287, "mstile-150x150.png": 1601413570.4987192, "safari-pinned-tab.svg": 1601413570.522705, "site.webmanifest": 1601507350.071509}, "text": {"android-chrome-192x192.png": 1609787155.7596636, "android-chrome-384x384.png": 1609787155.7786632, "apple-touch-icon.png": 1609787155.7966566, "browserconfig.xml": 1609787169.3679264, "favicon-16x16.png": 1609787155.8626244, "favicon-32x32.png": 1609787155.8825932, "favicon.ico": 1609787155.839633, "index.html": 1622240727.3382542, "logo.png": 1609786726.1910288, "logo_cutout.png": 1609786805.8268552, "mstile-150x150.png": 1609787155.9015954, "new.png": 1610498917.358522, "safari-pinned-tab.svg": 1609787155.9195848, "service-worker.js": 1610306398.65424, "site.webmanifest": 1610498738.4807541, "splash.png": 1610305012.830161}}, "assets": {"audio": {"CrystalForest.mp3": 1601416223.2693603}, "files": {"TarGZ.tar.gz": 1617661687.5870357, "Zip.zip": 1617662130.0126622}, "images": {"icon.png": 1644376030.55213, "icons": {"android-chrome-192x192.png": 1601577012.065349, "android-chrome-384x384.png": 1601577012.0833204, "apple-touch-icon.png": 1601577012.1013281, "browserconfig.xml": 1601507215.5313034, "favicon-16x16.png": 1601577012.1393058, "favicon-32x32.png": 1601577012.1582773, "favicon.ico": 1601577012.1223156, "mstile-150x150.png": 1601577012.17728, "safari-pinned-tab.svg": 1601577012.199253, "site.webmanifest": 1601507215.6730468}, "js.png": 1601504485.8186142, "kitsune.svg": 1645675432.3475246, "logo.png": 1601575943.4503014, "Sword of Protection.png": 1644376030.5501285}, "libs": {"css": {"font-awesome-4.7.0.min.css": 1601499440.194157, "w3-css-4.0.0.css": 1601499577.89644}, "fonts": {"fontawesome-webfont.eot": 1601500157.6286883, "fontawesome-webfont.svg": 1601500102.886274, "fontawesome-webfont.ttf": 1601500078.4575102, "fontawesome-webfont.woff": 1601500065.6607244, "fontawesome-webfont.woff2": 1601500043.329438}, "js": {"compression.js": 1644370125.0914142, "core.js": 1644376030.554129, "domlib-extra.js": 1644641214.701706, "domlib-latest.js": 1645326812.5480316, "domlib.js": 1644376030.559129, "encryption.js": 1629427047.549914, "jquery-3.5.1.min.js": 1601500244.0479093, "jquery-ui-1.12.1.js": 1601500220.5744896, "shml-source-manager.js": 1644370125.0974126, "shml.js": 1625455196.6379707, "web_pcre.js": 1644370125.1014102, "web_pcre_bg.wasm": 1644370125.1044135}, "ts": {"compression.ts": 1644370125.1074164, "encryption.ts": 1644370125.1104124, "shml-source-manager.ts": 1644370125.1134124}}, "shared": {}}, "build.py": 1646794762.9689019, "domlib.md": 1646791525.754, "dynamic.html": 1646791525.781, "index.html": 1646791525.832, "newindex.html": 1646791525.887, "noscript.html": 1646791525.949, "playground.html": 1646791525.993, "README.md": 1601838370.7373013, "resources": {"assets": {"libs": {"css": {}, "js": {}, "ts": {}}, "media": {"audio": {}, "images": {}}}, "data": {}}, "sitemap.json": 1646794764.2240088}