{"apps": {"shml": {"demo.shml": 1653184110.89893, "index.html": 1653699875.5433474, "index.htmlx": 1653694439.250605, "published.html": 1653699875.6664443, "published.htmlx": 1653694351.3438501}}, "assets": {"audio": {"CrystalForest.mp3": 1601416223.2693603}, "css": {"latest": {"shml.css": 1653699859.6376412}}, "images": {"kitsune.svg": 1649875188.8397162, "sword_of_protection.png": 1644376030.5501285}, "js": {"latest": {"arraymap.js": 1653699860.413641, "arraymap.min.js": 1653699865.2704904, "compression.js": 1653699860.8016398, "compression.min.js": 1653699865.6404688, "domlib.js": 1653699861.3673458, "domlib.min.js": 1653699866.131968, "elementfactory.js": 1653699861.8060954, "elementfactory.min.js": 1653699866.453614, "elements.js": 1653699862.1700976, "elements.min.js": 1653699866.7731776, "emojis.js": 1653183475.9445405, "emojis.min.js": 1653699870.099664, "encryption.js": 1653699862.5602543, "encryption.min.js": 1653699870.3820715, "jsion.js": 1653699862.9317727, "jsion.min.js": 1653699870.6795864, "jsx.js": 1653699863.5032883, "jsx.min.js": 1653699871.090284, "shml.js": 1653699864.2637398, "shml.min.js": 1653699872.9217758, "vfs.js": 1653699864.855823, "vfs.min.js": 1653699873.6401982}}, "less": {"latest": {"shml.less": 1653181634.8589394}}, "ts": {"latest": {"arraymap.ts": 1651887516.2986763, "compression.ts": 1644370125.1074164, "domlib.ts": 1652981979.6317964, "elementfactory.ts": 1652647821.647579, "elements.ts": 1652663948.9059186, "encryption.ts": 1644370125.1104124, "jsion.ts": 1653699862.690255, "jsion.ts.grc": 1653699497.3520894, "jsx.ts": 1652659725.408104, "shml.ts": 1653699864.262741, "shml.ts.grc": 1653699488.494284, "vfs.ts": 1652647988.8662045}}}, "build": 1653699826.6767893, "generator.py": 1652579096.8896036, "globals.py": 1653694315.61017, "mless.exe": 1652740235.7156532, "mtsc.exe": 1652590894.4654548, "newindex.html": 1646791525.887, "pt.exe": 1652569509.155313, "README.md": 1601838370.7373013, "sitemap.json": 1653699875.7234426, "sitemap.py": 1649875222.2318776, "tsconfig.json": 1651539142.9886901, "__pycache__": {"globals.cpython-38.pyc": 1653694367.9095194}}