{"apps": {"shml": {"index.html": 1650511991.8441162, "index.htmlx": 1650331473.0915887}}, "assets": {"audio": {"CrystalForest.mp3": 1601416223.2693603}, "images": {"kitsune.svg": 1649875188.8397162, "sword_of_protection.png": 1644376030.5501285}, "js": {"compression.min.js": 1650511981.459311, "domlib.min.js": 1650511983.3152022, "encryption.min.js": 1650511985.362609, "jsion.min.js": 1650511987.2628417, "jsx.min.js": 1650511989.0491452, "shml.min.js": 1650511990.7517576}, "ts": {"compression.ts": 1644370125.1074164, "domlib.ts": 1649901458.668118, "encryption.ts": 1644370125.1104124, "jsion.ts": 1650331570.1368134, "jsx.ts": 1650511942.6993854, "shml.ts": 1650331570.015427}}, "build.sh": 1650331618.0476966, "generator.py": 1650228096.6158588, "globals.py": 1650325771.9569511, "mtsc.exe": 1650328291.776062, "newindex.html": 1646791525.887, "README.md": 1601838370.7373013, "runlocal.sh": 1649975987.5926967, "sitemap.json": 1650511991.9200957, "sitemap.py": 1649875222.2318776, "tsconfig.json": 1650511827.4894426, "__pycache__": {"globals.cpython-38.pyc": 1650325781.5457304}}