{"apps": {"shml": {"index.html": 1650168534.7611432, "index.htmlx": 1650168527.5658782}}, "assets": {"audio": {"CrystalForest.mp3": 1601416223.2693603}, "images": {"kitsune.svg": 1649875188.8397162, "sword_of_protection.png": 1644376030.5501285}, "js": {"compression.min.js": 1650168530.5047088, "domlib.min.js": 1650168531.3562913, "encryption.min.js": 1650168531.9591954, "jsion.min.js": 1650168532.5654366, "jsx.min.js": 1650168533.2502086, "shml.min.js": 1650168534.2691689}, "ts": {"compression.ts": 1644370125.1074164, "domlib.ts": 1649901458.668118, "encryption.ts": 1644370125.1104124, "jsion.ts": 1650168529.8803854, "jsx.ts": 1649985132.9208274, "shml.ts": 1650168529.762632}}, "build.sh": 1650077067.5145366, "buildtools": {"format.py": 1650077265.90695, "mtsc.exe": 1650168249.9657083, "sitemap.py": 1649875222.2318776}, "globals.py": 1650077654.1655684, "newindex.html": 1646791525.887, "README.md": 1601838370.7373013, "runlocal.sh": 1649975987.5926967, "sitemap.json": 1650168534.8261611}