{"apps": {"shml": {"index.html": 1650225726.6285956, "index.htmlx": 1650168527.5658782}}, "assets": {"audio": {"CrystalForest.mp3": 1601416223.2693603}, "images": {"kitsune.svg": 1649875188.8397162, "sword_of_protection.png": 1644376030.5501285}, "js": {"compression.min.js": 1650225721.0554802, "domlib.min.js": 1650225722.12459, "encryption.min.js": 1650225722.8925524, "jsion.min.js": 1650225723.5452158, "jsx.min.js": 1650225724.4271607, "shml.min.js": 1650225725.9940846}, "ts": {"compression.ts": 1644370125.1074164, "domlib.ts": 1649901458.668118, "encryption.ts": 1644370125.1104124, "jsion.ts": 1650225718.5428126, "jsx.ts": 1649985132.9208274, "shml.ts": 1650225718.2296364}}, "build.sh": 1650077067.5145366, "buildtools": {"format.py": 1650077265.90695, "mtsc.exe": 1650225709.5446713, "sitemap.py": 1649875222.2318776}, "globals.py": 1650077654.1655684, "newindex.html": 1646791525.887, "README.md": 1601838370.7373013, "runlocal.sh": 1649975987.5926967, "sitemap.json": 1650225726.7015793}