{"apps": {"shml": {"demo.shml": 1653017181.7850614, "index.html": 1653018656.3477592, "index.htmlx": 1653018592.2125678}}, "assets": {"audio": {"CrystalForest.mp3": 1601416223.2693603}, "css": {"shml.css": 1653018429.092044}, "images": {"kitsune.svg": 1649875188.8397162, "sword_of_protection.png": 1644376030.5501285}, "js": {"arraymap.js": 1653018646.72446, "arraymap.min.js": 1653018650.9436164, "compression.js": 1653018647.0867891, "compression.min.js": 1653018651.3230457, "domlib.js": 1653018647.650846, "domlib.min.js": 1653018651.729701, "elementfactory.js": 1653018648.051056, "elementfactory.min.js": 1653018652.1042254, "elements.js": 1653018648.3760877, "elements.min.js": 1653018652.5134926, "encryption.js": 1653018648.7285793, "encryption.min.js": 1653018652.8567772, "jsion.js": 1653018649.0720918, "jsion.min.js": 1653018653.1923676, "jsx.js": 1653018649.5361848, "jsx.min.js": 1653018653.475737, "shml.js": 1653018650.1325245, "shml.min.js": 1653018653.9740722, "vfs.js": 1653018650.6175506, "vfs.min.js": 1653018654.356016}, "less": {"shml.less": 1653018641.9285998}, "ts": {"arraymap.ts": 1651887516.2986763, "compression.ts": 1644370125.1074164, "domlib.ts": 1652981979.6317964, "elementfactory.ts": 1652647821.647579, "elements.ts": 1652663948.9059186, "encryption.ts": 1644370125.1104124, "jsion.ts": 1653018645.9625776, "jsx.ts": 1652659725.408104, "shml.ts": 1653018646.23344, "vfs.ts": 1652647988.8662045}}, "build": 1652982802.0871868, "build.sh": 1650331618.0476966, "generator.py": 1652579096.8896036, "globals.py": 1652661364.278958, "mless.exe": 1652740235.7156532, "mtsc.exe": 1652590894.4654548, "newindex.html": 1646791525.887, "pt.exe": 1652569509.155313, "README.md": 1601838370.7373013, "sitemap.json": 1653018656.435765, "sitemap.py": 1649875222.2318776, "tsconfig.json": 1651539142.9886901, "__pycache__": {"globals.cpython-38.pyc": 1652661370.8704357}}