{"apps": {"shml": {"index.html": 1652591532.5843804, "index.htmlx": 1652591472.4484396}}, "assets": {"audio": {"CrystalForest.mp3": 1601416223.2693603}, "images": {"kitsune.svg": 1649875188.8397162, "sword_of_protection.png": 1644376030.5501285}, "js": {"arraymap.js": 1652591523.2974777, "arraymap.min.js": 1652591528.1012454, "compression.js": 1652591523.6965005, "compression.min.js": 1652591528.3651967, "domlib.js": 1652591524.3964822, "domlib.min.js": 1652591528.716331, "elementfactory.js": 1652591524.8979888, "elementfactory.min.js": 1652591529.0223055, "elements.js": 1652591525.2585096, "elements.min.js": 1652591529.2812798, "encryption.js": 1652591525.6518836, "encryption.min.js": 1652591529.544912, "jsion.js": 1652591526.0222473, "jsion.min.js": 1652591529.8600297, "jsx.js": 1652591526.5335238, "jsx.min.js": 1652591530.201877, "shml.js": 1652591527.1775632, "shml.min.js": 1652591530.627143, "vfs.js": 1652591527.7088566, "vfs.min.js": 1652591530.8939075}, "ts": {"arraymap.ts": 1651887516.2986763, "compression.ts": 1644370125.1074164, "domlib.ts": 1652403585.5650773, "elementfactory.ts": 1652589388.9138863, "elements.ts": 1652577362.7160816, "encryption.ts": 1644370125.1104124, "jsion.ts": 1652591522.3994882, "jsx.ts": 1652591513.576831, "shml.ts": 1652591522.6865156, "vfs.ts": 1651985832.4258733}}, "build": 1652589936.854424, "build.sh": 1650331618.0476966, "generator.py": 1652579096.8896036, "globals.py": 1652579784.0707672, "mtsc.exe": 1652590894.4654548, "newindex.html": 1646791525.887, "pt.exe": 1652569509.155313, "README.md": 1601838370.7373013, "sitemap.json": 1652591532.6573837, "sitemap.py": 1649875222.2318776, "tsconfig.json": 1651539142.9886901, "__pycache__": {"globals.cpython-38.pyc": 1652579791.2481267}}