{"apps": {"shml": {"demo.shml": 1653707829.9372275, "index.html": 1653962847.5797317, "index.htmlx": 1653694439.250605, "published.html": 1653962847.7247314, "published.htmlx": 1653702523.913159}}, "assets": {"audio": {"CrystalForest.mp3": 1601416223.2693603}, "css": {"latest": {"shml.css": 1653962828.9377892}}, "images": {"kitsune.svg": 1649875188.8397162, "sword_of_protection.png": 1644376030.5501285}, "js": {"latest": {"arraymap.js": 1653962829.5337882, "arraymap.min.js": 1653962972.6217675, "compression.js": 1653962829.9217873, "compression.min.js": 1653962972.6197672, "domlib.js": 1653962830.5847871, "domlib.min.js": 1653962972.6187682, "elementfactory.js": 1653962831.0049703, "elementfactory.min.js": 1653962972.6177685, "elements.js": 1653962831.338849, "elements.min.js": 1653962972.616768, "emojis.js": 1653183475.9445405, "emojis.min.js": 1653962972.615767, "encryption.js": 1653962831.7078779, "encryption.min.js": 1653962972.613768, "jsion.js": 1653962832.0615573, "jsion.min.js": 1653962972.6097682, "jsx.js": 1653962832.543991, "jsx.min.js": 1653962972.6087687, "shml.js": 1653962833.168991, "shml.min.js": 1653962972.606768, "vfs.js": 1653962833.6729932, "vfs.min.js": 1653962972.6057663}}, "less": {"latest": {"shml.less": 1653702692.2674742}}, "ts": {"latest": {"arraymap.ts": 1651887516.2986763, "compression.ts": 1644370125.1074164, "domlib.ts": 1654303963.2638335, "elementfactory.ts": 1652647821.647579, "elements.ts": 1652663948.9059186, "encryption.ts": 1644370125.1104124, "jsion.ts": 1653962828.349506, "jsion.ts.grc": 1653699497.3520894, "jsx.ts": 1652659725.408104, "shml.ts": 1653962828.6697943, "shml.ts.grc": 1653699488.494284, "vfs.ts": 1652647988.8662045}}}, "build": 1654569167.3227208, "globals.py": 1653694315.61017, "newindex.html": 1646791525.887, "README.md": 1601838370.7373013, "sitemap.json": 1654569265.0699646, "tools": {"generator.py": 1652579096.8896036, "mless.exe": 1654568170.608892, "mtsc.exe": 1654568191.2620862, "pt.exe": 1652569509.155313, "sitemap.py": 1649875222.2318776}, "tsconfig.json": 1651539142.9886901, "__pycache__": {"globals.cpython-38.pyc": 1653962502.480446}}