{"apps": {"shml": {"index.html": 1650228297.0357852, "index.htmlx": 1650228265.5819726}}, "assets": {"audio": {"CrystalForest.mp3": 1601416223.2693603}, "images": {"kitsune.svg": 1649875188.8397162, "sword_of_protection.png": 1644376030.5501285}, "js": {"compression.min.js": 1650228292.5043924, "domlib.min.js": 1650228293.3837698, "encryption.min.js": 1650228294.0211704, "jsion.min.js": 1650228294.6988266, "jsx.min.js": 1650228295.42959, "shml.min.js": 1650228296.5307872}, "ts": {"compression.ts": 1644370125.1074164, "domlib.ts": 1649901458.668118, "encryption.ts": 1644370125.1104124, "jsion.ts": 1650228291.8707674, "jsx.ts": 1649985132.9208274, "shml.ts": 1650228291.7350018}}, "build.sh": 1650226960.044713, "generator.py": 1650228096.6158588, "globals.py": 1650228168.04862, "mtsc.exe": 1650225709.5446713, "newindex.html": 1646791525.887, "README.md": 1601838370.7373013, "runlocal.sh": 1649975987.5926967, "sitemap.json": 1650228297.0984845, "sitemap.py": 1649875222.2318776, "__pycache__": {"globals.cpython-38.pyc": 1650228169.4872026}}