{"apps": {"shml": {"demo.shml": 1653182390.0515647, "index.html": 1653183842.440444, "index.htmlx": 1653183828.0506742, "published.html": 1653183842.5724764, "published.htmlx": 1653183700.6806593}}, "assets": {"audio": {"CrystalForest.mp3": 1601416223.2693603}, "css": {"shml.css": 1653181636.8182168}, "images": {"kitsune.svg": 1649875188.8397162, "sword_of_protection.png": 1644376030.5501285}, "js": {"arraymap.js": 1653183832.3413346, "arraymap.min.js": 1653183836.9876125, "compression.js": 1653183832.7324603, "compression.min.js": 1653183837.3213885, "domlib.js": 1653183833.298618, "domlib.min.js": 1653183837.6574147, "elementfactory.js": 1653183833.7076237, "elementfactory.min.js": 1653183837.919465, "elements.js": 1653183834.032588, "elements.min.js": 1653183838.2235885, "emojis.js": 1653183475.9445405, "emojis.min.js": 1653183838.5819852, "encryption.js": 1653183834.3905964, "encryption.min.js": 1653183838.8549812, "jsion.js": 1653183834.917997, "jsion.min.js": 1653183839.290362, "jsx.js": 1653183835.42882, "jsx.min.js": 1653183839.5391395, "shml.js": 1653183836.1263554, "shml.min.js": 1653183840.0984616, "vfs.js": 1653183836.64692, "vfs.min.js": 1653183840.3870254}, "less": {"shml.less": 1653181634.8589394}, "ts": {"arraymap.ts": 1651887516.2986763, "compression.ts": 1644370125.1074164, "domlib.ts": 1652981979.6317964, "elementfactory.ts": 1652647821.647579, "elements.ts": 1652663948.9059186, "encryption.ts": 1644370125.1104124, "jsion.ts": 1653183831.6216266, "jsx.ts": 1652659725.408104, "shml.ts": 1653183831.8561542, "vfs.ts": 1652647988.8662045}}, "build": 1653102687.6856835, "build.sh": 1650331618.0476966, "generator.py": 1652579096.8896036, "globals.py": 1652661364.278958, "mless.exe": 1652740235.7156532, "mtsc.exe": 1652590894.4654548, "newindex.html": 1646791525.887, "pt.exe": 1652569509.155313, "README.md": 1601838370.7373013, "sitemap.json": 1653183842.6244762, "sitemap.py": 1649875222.2318776, "tsconfig.json": 1651539142.9886901, "__pycache__": {"globals.cpython-38.pyc": 1652661370.8704357}}