{"apps": {"shml": {"index.html": 1652403635.2851481, "index.htmlx": 1650823370.9766643}}, "assets": {"audio": {"CrystalForest.mp3": 1601416223.2693603}, "images": {"kitsune.svg": 1649875188.8397162, "sword_of_protection.png": 1644376030.5501285}, "js": {"arraymap.min.js": 1652403627.2234929, "compression.min.js": 1652403627.940319, "domlib.min.js": 1652403629.1674552, "encryption.min.js": 1652403629.9231553, "jsion.min.js": 1652403630.618199, "jsx.min.js": 1652403631.5809765, "shml.min.js": 1652403633.2141373, "vfs.min.js": 1652403634.02185}, "ts": {"arraymap.ts": 1651887516.2986763, "compression.ts": 1644370125.1074164, "domlib.ts": 1652403585.5650773, "encryption.ts": 1644370125.1104124, "jsion.ts": 1652059387.1398294, "jsx.ts": 1650775539.962024, "shml.ts": 1652059386.8872888, "vfs.ts": 1651985832.4258733}}, "build.sh": 1650331618.0476966, "debug.html.sh": 1652403635.3461711, "debug_htmlx.sh": 1650822724.6529877, "generator.py": 1650228096.6158588, "globals.py": 1650325771.9569511, "mtsc.exe": 1650328291.776062, "newindex.html": 1646791525.887, "pt.exe": 1650845761.136534, "README.md": 1601838370.7373013, "runlocal.sh": 1650822084.5156596, "sitemap.json": 1652403635.4011497, "sitemap.py": 1649875222.2318776, "tsconfig.json": 1651539142.9886901, "__pycache__": {"globals.cpython-38.pyc": 1650512056.875752}}