{"apps": {"files": {"index.html": 1652663011.3024404, "index.htmlx": 1652649479.7387903}, "shml": {"index.html": 1652663012.6756635, "index.htmlx": 1652662890.314599}}, "assets": {"audio": {"CrystalForest.mp3": 1601416223.2693603}, "css": {"reset.css": 1652662847.9482236}, "images": {"kitsune.svg": 1649875188.8397162, "sword_of_protection.png": 1644376030.5501285}, "js": {"arraymap.js": 1652663002.997298, "arraymap.min.js": 1652663007.4722936, "compression.js": 1652663003.3661969, "compression.min.js": 1652663008.023852, "domlib.js": 1652663003.9264414, "domlib.min.js": 1652663008.482131, "elementfactory.js": 1652663004.3286712, "elementfactory.min.js": 1652663008.745362, "elements.js": 1652663004.6988177, "elements.min.js": 1652663009.039611, "encryption.js": 1652663005.0604, "encryption.min.js": 1652663009.433725, "jsion.js": 1652663005.405399, "jsion.min.js": 1652663009.7641165, "jsx.js": 1652663005.880144, "jsx.min.js": 1652663010.05316, "shml.js": 1652663006.5111969, "shml.min.js": 1652663010.688113, "vfs.js": 1652663007.0467157, "vfs.min.js": 1652663011.1014783}, "ts": {"arraymap.ts": 1651887516.2986763, "compression.ts": 1644370125.1074164, "domlib.ts": 1652403585.5650773, "elementfactory.ts": 1652647821.647579, "elements.ts": 1652662991.714659, "encryption.ts": 1644370125.1104124, "jsion.ts": 1652663002.4016387, "jsx.ts": 1652659725.408104, "shml.ts": 1652663002.546251, "vfs.ts": 1652647988.8662045}}, "build": 1652645500.113624, "build.sh": 1650331618.0476966, "generator.py": 1652579096.8896036, "globals.py": 1652661364.278958, "mtsc.exe": 1652590894.4654548, "newindex.html": 1646791525.887, "pt.exe": 1652569509.155313, "README.md": 1601838370.7373013, "sitemap.json": 1652663012.741662, "sitemap.py": 1649875222.2318776, "tsconfig.json": 1651539142.9886901, "__pycache__": {"globals.cpython-38.pyc": 1652661370.8704357}}