{"apps": {"fs": {"index.html": 1675553142.6151915, "index.htmlx": 1671591236.9215732}, "shml": {"demo.shml": 1677972310.005448, "index.html": 1675828793.142661, "index.htmlx": 1675828790.7986586, "published.html": 1675553144.8857582, "published.htmlx": 1663441701.9958825, "unicode.html": 1675553145.909758, "unicode.htmlx": 1671588809.6847334}}, "assets": {"audio": {"CrystalForest.mp3": 1601416223.2693603}, "css": {"shml.css": 1675828924.6982102}, "images": {"github": {"mark-120-plus-light.png": 1663441701.9988806, "mark-120-plus.png": 1663441701.999881, "mark-32-light.png": 1663441701.999881, "mark-32.png": 1663441702.0008807, "mark-64-light.png": 1663441702.0018814, "mark-64.png": 1663441702.002881}, "kitsune.svg": 1649875188.8397162, "sword_of_protection.png": 1644376030.5501285}, "js": {"arraymap.min.js": 1654657655.266798, "base64.min.js": 1675553121.833495, "chime.min.js": 1675553122.4160056, "compression.min.js": 1675553123.2300065, "configstring.min.js": 1675553123.8305151, "corsfetch.js": 1666146509.0843482, "corsfetch.min.js": 1675553139.8911636, "csv.min.js": 1675553124.3945177, "domlib.min.js": 1675553125.3830292, "elementfactory.min.js": 1675553126.00003, "elements.min.js": 1675553126.4530356, "emojis.js": 1654653335.637976, "emojis.min.js": 1675553140.7366803, "encryption.min.js": 1675553126.9630306, "filearchive.min.js": 1675553127.6070292, "githubshortcut.min.js": 1675553139.3241668, "htmlrasterizer.min.js": 1675553128.4895372, "jsion.min.js": 1675553128.9815366, "jsonstreams.min.js": 1675553129.5045376, "jsx.min.js": 1675553130.1685386, "keybinds.min.js": 1677981348.4608183, "kitsunecore.min.js": 1677981986.5695875, "kitsunedom.min.js": 1675553133.7256444, "kitsunelang.min.js": 1675553134.3926418, "random.min.js": 1675553135.190641, "sandbox.min.js": 1675553135.8906417, "shml.min.js": 1675907547.5448542, "test.min.js": 1677981989.2591069, "toast.min.js": 1675553137.5101643, "vfs-legacy.min.js": 1654657662.249799, "vfs.js": 1675394191.3654585, "vfs.min.js": 1677981990.8691378}, "less": {"shml.less": 1675828920.7496805}, "ts": {"base64.ts": 1663441702.0258815, "chime.ts": 1666048086.4019296, "compression.ts": 1675468518.0385804, "configstring.ts": 1663441702.0298834, "csv.ts": 1675468383.1736145, "domlib.ts": 1675550099.370237, "elementfactory.ts": 1675550223.9321103, "elements.ts": 1652663948.9059186, "encryption.ts": 1644370125.1104124, "filearchive.ts": 1673309511.191622, "githubshortcut.tsx": 1663441702.0348816, "htmlrasterizer.ts": 1667689124.981827, "jsion.ts": 1675553120.4174914, "jsion.ts.grc": 1675392883.2295773, "jsonstreams.ts": 1675549242.0684228, "jsx.ts": 1663441702.0358818, "keybinds.ts": 1677972273.8386524, "kitsunecore.ts": 1677981975.6670167, "kitsunedom.ts": 1675470143.1608078, "kitsunelang.ts": 1675551931.0829515, "random.ts": 1675384069.9808247, "sandbox.ts": 1663441702.0368817, "shml.ts": 1675907543.9677162, "shml.ts.grc": 1675907541.3435805, "test.js": 1677981848.0430272, "test.ts": 1677981796.7191334, "toast.ts": 1675552429.0937607, "vfs.ts": 1673309574.4046228}}, "globals.py": 1671593009.8975105, "index.html": 1663441702.0468836, "l": {"github.html": 1675392999.362495}, "post-build.sh": 1675909348.2708006, "README.md": 1601838370.7373013, "sitemap.json": 1677981992.306698, "stardust": {"index.html": 1670547410.223773, "stardust.json": 1671578955.9562168}, "tsconfig.json": 1663441702.0508826, "wyvern": 1675909447.9217544, "__pycache__": {"globals.cpython-38.pyc": 1671593028.6806357}}