{"apps": {"shml": {"demo.html": 1653102928.0739565, "demo.shml": 1653098584.1703663, "demo.shml - SHML Editor_files": {"arraymap.min.js.download": 1653099151.6406214, "compression.min.js.download": 1653099150.9071064, "domlib.min.js.download": 1653099150.9836228, "elementfactory.min.js.download": 1653099151.4416213, "elements.min.js.download": 1653099151.541621, "encryption.min.js.download": 1653099151.069623, "jsion.min.js.download": 1653099151.157622, "jsx.min.js.download": 1653099151.2506235, "saved_resource.html": 1653099151.8271308, "shml.min.js.download": 1653099151.3386226, "vfs.min.js.download": 1653099151.7296224}, "index.html": 1653103904.3694985, "index.htmlx": 1653091954.8621285}}, "assets": {"audio": {"CrystalForest.mp3": 1601416223.2693603}, "css": {"shml.css": 1653103401.9730883}, "images": {"kitsune.svg": 1649875188.8397162, "sword_of_protection.png": 1644376030.5501285}, "js": {"arraymap.js": 1653103895.067952, "arraymap.min.js": 1653103899.3444898, "compression.js": 1653103895.4559474, "compression.min.js": 1653103899.641572, "domlib.js": 1653103896.01948, "domlib.min.js": 1653103899.9877803, "elementfactory.js": 1653103896.4269743, "elementfactory.min.js": 1653103900.2410886, "elements.js": 1653103896.7519739, "elements.min.js": 1653103900.5553393, "encryption.js": 1653103897.110188, "encryption.min.js": 1653103900.8525019, "jsion.js": 1653103897.464603, "jsion.min.js": 1653103901.1646595, "jsx.js": 1653103897.9367433, "jsx.min.js": 1653103901.5187473, "shml.js": 1653103898.5428133, "shml.min.js": 1653103901.9875827, "vfs.js": 1653103899.0390532, "vfs.min.js": 1653103902.3649037}, "less": {"shml.less": 1653103877.497273}, "ts": {"arraymap.ts": 1651887516.2986763, "compression.ts": 1644370125.1074164, "domlib.ts": 1652981979.6317964, "elementfactory.ts": 1652647821.647579, "elements.ts": 1652663948.9059186, "encryption.ts": 1644370125.1104124, "jsion.ts": 1653103894.24714, "jsx.ts": 1652659725.408104, "shml.ts": 1653103894.509441, "vfs.ts": 1652647988.8662045}}, "build": 1653102687.6856835, "build.sh": 1650331618.0476966, "generator.py": 1652579096.8896036, "globals.py": 1652661364.278958, "mless.exe": 1652740235.7156532, "mtsc.exe": 1652590894.4654548, "newindex.html": 1646791525.887, "pt.exe": 1652569509.155313, "README.md": 1601838370.7373013, "sitemap.json": 1653103904.4565215, "sitemap.py": 1649875222.2318776, "tsconfig.json": 1651539142.9886901, "__pycache__": {"globals.cpython-38.pyc": 1652661370.8704357}}